1,Jenna Medina,NY
2,Rachel Alexander,CA
3,Jacob Washington,TX
4,Robert David,CA
5,Jessica Brown,TX
6,Allen Green,TX
7,Jessica Johnson,TX
8,Julia Smith,CA
9,Elaine Green,FL
10,Mario Hughes,CA
11,Mary Andrews,TX
12,Elizabeth Perez,NY
13,Jeffery Navarro,NY
14,Sandra Robertson,CA
15,Warren Cruz,CA
16,Paul Green,FL
17,Joan Lee,CA
18,Toni Higgins,TX
19,Miss Lisa Henry,FL
20,Michael Hernandez,CA
21,Jeffrey Flynn,CA
22,Brandy Arnold,WA
23,Christina Andrews,CA
24,Noah Case,NY
25,Sean Dodson,TX
26,Bruce Smith,TX
27,Randall Contreras,CA
28,Sarah Harrell,NY
29,Anne Reese,FL
30,Elizabeth Rivas,WA
31,Jessica Lucero,TX
32,Dan Moore,WA
33,Connor Salinas,FL
34,Erin Stevenson,NY
35,Amanda Hansen,NY
36,Heather Duffy,TX
37,Jonathan Tanner,CA
38,David Cook,FL
39,Andrew Hernandez,TX
40,Nathaniel Sanchez,NY
41,James Harrison,TX
42,Nicole Smith,WA
43,Larry Wilson,TX
44,Patricia Johnson,NY
45,David Williams,CA
46,Brian Wheeler,CA
47,Derrick Marsh,WA
48,Maria Merritt,NY
49,Alexander Cummings,TX
50,James Hart,WA
51,Kurt Moore,CA
52,Joseph Ford,CA
53,Michelle Flores,WA
54,Brian Smith,FL
55,Lisa Santos,CA
56,Patrick Henry,NY
57,Kevin Goodman,CA
58,David Booth,CA
59,Katherine Christensen,CA
60,Matthew Larson,FL
61,Andrew Johnson,FL
62,Sarah Fuller,NY
63,Mary Bond,CA
64,Bobby Wells,NY
65,Jessica Edwards,FL
66,Kathy Miller,NY
67,Christopher Carlson,TX
68,Scott Shepard,TX
69,Amber Johnson MD,WA
70,Nathan Thomas,FL
71,Ryan Maxwell,FL
72,Tonya Miller,CA
73,Beth Ayala,CA
74,Brandy Garrett,CA
75,Jessica Hurley,CA
76,Haley Burgess,WA
77,Sharon Burns,NY
78,David Wallace,CA
79,Lynn Anderson DDS,TX
80,Matthew Hernandez,NY
81,Scott Stone,NY
82,Austin Mitchell,WA
83,Stephanie Smith,FL
84,Martin Ward,NY
85,Keith Walter,FL
86,Billy Doyle,TX
87,Patrick Adams,FL
88,Mark Vaughn,CA
89,David Charles,TX
90,Danielle Ferrell,WA
91,Holly Allison,WA
92,Gwendolyn King,FL
93,Robert Baker,WA
94,Rodney Owens,WA
95,Monique Stanley,NY
96,Alejandra Andrews,FL
97,Nicole Perez,WA
98,Maria Horton,FL
99,Dennis Lopez,FL
100,Kathy Griffin,CA
101,Erin Welch,TX
102,Keith King,CA
103,Jasmine Wall,NY
104,David Thomas,NY
105,Todd Hines,CA
106,Theresa Waller,NY
107,Andrew Gonzalez,WA
108,Joann Haynes,FL
109,Diana Rowland,TX
110,Joseph Rich,TX
111,Melanie Stanley,NY
112,Jennifer Cole,WA
113,Sarah Reyes,CA
114,Matthew Rosario,CA
115,Angela Perkins,FL
116,David Turner,TX
117,Jared Jones,FL
118,James Allen,TX
119,Abigail Harrison,FL
120,Cynthia Garrett,NY
121,Brittany Rodriguez,NY
122,Donna Chaney,WA
123,Meredith Stone,WA
124,Robert Macias,CA
125,Phyllis Green,FL
126,Richard Washington DVM,WA
127,Sara Simmons,CA
128,Garrett Butler,WA
129,Marisa Avila,WA
130,Denise Ramos,WA
131,Henry Brewer,FL
132,Joseph Marshall,TX
133,Rebecca Wilson,WA
134,Teresa Daniel,CA
135,Tyler Bernard,CA
136,Bob Johnson,TX
137,Cindy King,NY
138,Robin Smith,TX
139,Gary Williams,NY
140,Mr. Nathan Hart Jr.,TX
141,Dr. Martin Riley DVM,CA
142,Dylan Smith,FL
143,Tracy Parrish,WA
144,James Vasquez,WA
145,Jeanette Fields,CA
146,Erin Hale,NY
147,Ann Sanchez,WA
148,Mrs. Toni Wiley,WA
149,Alison Harris,FL
150,Kelsey Walters,WA
151,Jessica Hubbard,WA
152,Mr. Timothy Valencia DDS,FL
153,Marcus Anderson,FL
154,James Farmer,NY
155,James Jacobs,NY
156,Teresa Oliver,CA
157,Joel Castillo,WA
158,Anthony Peters,NY
159,Anna Anderson,FL
160,Megan Jenkins,NY
161,Nicholas Dudley,NY
162,Matthew Garcia,CA
163,Heidi Newman,TX
164,Alexander Gonzalez,CA
165,Joshua Moore,TX
166,Chase Franklin,WA
167,Ana Schwartz,CA
168,Nathan Ferguson,TX
169,Kimberly Johnson,TX
170,Benjamin Berg,WA
171,Shane Garcia,FL
172,Daniel Drake,TX
173,Erica Roy,WA
174,Tracy Nicholson,TX
175,Brandon Lamb,WA
176,Scott Rich,WA
177,Charles Peters,FL
178,Jennifer Hull,FL
179,Megan Mahoney,FL
180,Logan Torres,CA
181,Mrs. Lauren Mahoney MD,WA
182,Kristen Hall,WA
183,Tyler Martinez,NY
184,Vicki Rice,TX
185,Amy Barrera,NY
186,Michael Gutierrez,FL
187,Cameron Miller,TX
188,Michael Thomas,CA
189,Brooke James,WA
190,Eric Bridges,TX
191,Suzanne Lee,TX
192,Thomas Keller,NY
193,Casey Davis,FL
194,Melissa Lynch,CA
195,Alison Bray,WA
196,Brian Dyer,CA
197,Greg Vargas,CA
198,Adriana Hodges,NY
199,Cody Brewer,CA
200,Steven Melendez,CA
201,Anne Mason,CA
202,Brian Gomez,TX
203,Tracy Robinson,NY
204,Rhonda Chavez,WA
205,Julie Mckinney,NY
206,Susan Mclaughlin DDS,CA
207,Thomas Gibbs,FL
208,Jennifer Thomas,WA
209,David Dalton,TX
210,Jessica Johnson,CA
211,Kimberly Schwartz,NY
212,James Wright,TX
213,Alexander Buckley,WA
214,Donald Ross,NY
215,Patricia Griffith,WA
216,Jennifer Barrett,NY
217,Eric Montes,TX
218,Timothy Miller,CA
219,Cynthia Norman,NY
220,Melody Weaver,FL
221,Matthew Hernandez,FL
222,Logan Mcdonald,CA
223,Eduardo Baird,CA
224,Brian Zimmerman,NY
225,Charles Vazquez,FL
226,Aaron Fisher,NY
227,Matthew Smith,FL
228,Erika Gibson,CA
229,Patrick Payne,WA
230,Michael Smith,CA
231,Timothy Olson,CA
232,Alicia Johnson,NY
233,Leslie Barajas,NY
234,Shannon Mitchell,WA
235,Daniel Baldwin,TX
236,Lisa Galloway,CA
237,Carolyn Miller,CA
238,Theodore Singh,NY
239,Monica Bryant,WA
240,Angela Morgan,TX
241,Jeffrey Price,NY
242,Marissa Warner,TX
243,Kristi Waters,WA
244,Timothy May,WA
245,Regina Martin,CA
246,Shawn Brown,FL
247,Ryan Lewis,TX
248,Rebecca Zhang,NY
249,Robert Coleman,NY
250,Dr. Anthony Martinez,CA
251,Brittany Mitchell,FL
252,Christopher Collier,NY
253,Megan Bradley,FL
254,Casey Green,NY
255,Thomas Martin,TX
256,Michael Lawson,TX
257,Tammy Dawson,NY
258,Yesenia Estes,FL
259,Mary Spencer,FL
260,Chad Shaffer,WA
261,Rhonda Nelson,WA
262,Michael House,CA
263,Amanda Beasley,TX
264,Amy Lopez,NY
265,Karen Palmer DDS,WA
266,Debra Gonzalez,WA
267,Gregory Estrada,TX
268,Chelsea Weaver,TX
269,Michele Weber,WA
270,Richard Davis,FL
271,Gina Rodgers,TX
272,Allen Taylor,NY
273,Kristen Mendoza,TX
274,Amy Miller,FL
275,Jennifer Black,FL
276,Patrick Bell,WA
277,Abigail Perez,FL
278,Joseph Scott,NY
279,Debbie Mendoza,CA
280,Elizabeth Thompson,TX
281,David Harrison,FL
282,Brittany Nelson,WA
283,Kathleen Velasquez,NY
284,Brandon Thomas,NY
285,Anthony Lynch,NY
286,Kathryn Lyons,WA
287,Mrs. Natasha Ward,WA
288,Christopher Russell,FL
289,Lori Gomez,WA
290,Sarah Long,CA
291,Bonnie Christensen,CA
292,Rebecca Tucker,NY
293,Clinton Jackson,WA
294,Richard Jefferson,TX
295,Samantha Pittman,TX
296,Michael Underwood,TX
297,Jennifer Pollard,CA
298,Philip Hogan,CA
299,Jennifer Braun,FL
300,James Martin,TX
